{
  "5": 0.6,
  "2": 0.25111749988092263,
  "3": 0.19659543347613836,
  "4": 0.06652475465952705,
  "tda_node_25": 0.05235089215354347,
  "1": 0.03724344851157623,
  "tda_node_324": 0.013263947214093946,
  "tda_node_165": 0.005820877180320638,
  "tda_node_327": 0.003456772143993524,
  "tda_node_208": 0.003050392587735917
}