{
  "5": 0.6,
  "3": 0.15689115898500594,
  "1": 0.14384916737539402,
  "2": 0.06792530353641289,
  "4": 0.06241784412815032,
  "tda_node_324": 0.02096480349101773,
  "tda_node_185": 0.018765925260770727,
  "tda_node_165": 0.016005370057762904,
  "tda_node_144": 0.010475519805222116,
  "tda_node_327": 0.008561996573196014
}