{
  "3": 0.6,
  "2": 0.10128544469284288,
  "5": 0.051312182557934724,
  "tda_node_324": 0.012844411567812434,
  "1": 0.011661677100989722,
  "tda_node_165": 0.007169339446184236,
  "4": 0.00422837740617384,
  "tda_node_131": 0.004141990500679207,
  "tda_node_327": 0.003307128977396437,
  "tda_node_86": 0.0031873863685912903
}