{
  "3": 0.6,
  "1": 0.08232755532151652,
  "5": 0.07511811713707661,
  "4": 0.012916678394112993,
  "tda_node_324": 0.0108542832262746,
  "tda_node_128": 0.010785052518662745,
  "2": 0.006307059544179772,
  "tda_node_165": 0.004981468130033846,
  "0": 0.0029207602680332684,
  "tda_node_327": 0.0024080766721538724
}