{
  "5": 0.5999999999999999,
  "2": 0.11143194469906861,
  "3": 0.06891693377006987,
  "4": 0.053270149715696984,
  "1": 0.04431850324964962,
  "tda_node_11": 0.02028756366422658,
  "0": 0.003817028860824383,
  "tda_node_324": 0.0033432167090148373,
  "tda_node_165": 0.002444006496258398,
  "tda_node_80": 0.0017915029367209798
}