{
  "5": 0.6,
  "3": 0.3020657740029869,
  "1": 0.21030157644319594,
  "2": 0.1707512690115265,
  "4": 0.05817166676308937,
  "tda_node_73": 0.01527401829422726,
  "tda_node_39": 0.014611805158310799,
  "tda_node_324": 0.012796712709183406,
  "tda_node_165": 0.008033424040926248,
  "tda_node_327": 0.006182597994340919
}